object_id,avg_load_throughput_fill (ops/s),avg_run_throughput (ops/s)
6,120376428.33333333,308141998.8333333
7,102341964.5,161450021.66666666
15,19062326.833333332,202134611.5
17,100680308.0,221867016.16666666
20,182810628.5,369355534.8333333
