object_id,max_space_efficiency
6,0.7013506479274542
7,0.8168685416653237
15,0.7499882814331027
17,1.0543174850134993
23,0.8339612831894807
24,0.3237120617995754
