object_id,max_space_efficiency
6,0.7013530497556566
7,0.8166237582608079
15,0.7499912110404955
17,1.0543218710219566
20,0.8339640274039315
