object_id,max_space_efficiency
6,0.7013530497556566
7,0.8168711745423954
15,0.7499882814331026
17,1.0543174850134993
23,0.8339640274039317
24,0.32329458407585376
