object_id,max_space_efficiency
6,0.7013506479274539
7,0.8166211269783986
15,0.7499882814331026
17,1.0543174850134993
23,0.8339612831894807
24,0.3237071002516189
